N_total,preproc_time_one,search_time_one,preproc_time_two,search_time_two,one_tree_time_ms,two_trees_time_ms
310572,32.25085432903226,129.6558663,56.44312474157303,517.874527,161.90672062903226,574.317651741573
503708,92.60768583333332,174.173417,98.87590749019607,799.1562379999999,266.7811028333333,898.032145490196
504260,88.10474840350876,175.35341469999997,107.37606612765957,890.9557621666665,263.45816310350875,998.3318282943261
697396,88.43468510526316,269.82152664999995,132.15019134210527,1321.21152175,358.2562117552631,1453.3617130921052
768748,174.30286334482759,214.76518385000003,209.37821041666666,1373.38852425,389.0680471948276,1582.7667346666667
768860,168.07314143333332,212.42304394999996,187.5971208888889,1187.3291532,380.4961853833333,1374.926274088889
961884,162.58828445161288,353.5193538,197.2950363076923,1945.1599469999999,516.1076382516128,2142.454983307692
962548,159.738006625,354.418832,194.72757330769232,1879.6815793333333,514.156838625,2074.4091526410257
1227036,167.69045753333333,519.0333613,253.21400105,2695.2640874999997,686.7238188333333,2948.47808855
