N_total,preproc_time_one,search_time_one,preproc_time_two,search_time_two,one_tree_time_ms,two_trees_time_ms
310566,30.816451122699387,3.6602592,54.66437488043478,0.0083133221,34.47671032269939,54.67268820253478
503702,94.19948672222222,3.6285282,96.50740882692307,0.020462431799999996,97.82801492222222,96.52787125872307
504186,91.25042212727273,4.17692355,108.72186355319148,0.0676643395,95.42734567727273,108.78952789269148
697322,90.28203446428572,6.56836015,140.45236680555556,0.1059549435,96.85039461428572,140.55832174905555
768834,161.91649603225807,3.9541636500000004,196.49163942307692,0.0396587643,165.87065968225807,196.5312981873769
768854,165.28517541935483,5.0210769,176.41019531034482,0.0221554273,170.30625231935483,176.4323507376448
961970,169.43122166666666,7.2721124,208.664766,0.06338216599999999,176.70333406666666,208.72814816599998
962474,177.00772255172413,6.888200349999999,192.693476,0.1163164278,183.89592290172413,192.8097924278
1227122,165.92749803225806,10.17977395,245.93617185714285,0.0768307209,176.10727198225806,246.01300257804286
