N_total,N1,N2,one_tree_time_ms,two_trees_time_ms
228,72,156,0.25395220600000007,1.0712840239999997
1996,1840,156,2.4910256859999995,10.846505164
3734,72,3662,2.50669596,11.164324381999998
5268,5112,156,5.270465846,25.828269591999998
5502,1840,3662,12.459296085999998,69.84245362799999
8774,5112,3662,25.328788833999997,134.86190693333333
10272,72,10200,5.74525802,23.792151872
12040,1840,10200,26.292136550000002,145.0294964333333
15312,5112,10200,55.02011097,268.3644876
