N_total,N1,N2,one_tree_time_ms,two_trees_time_ms
228,72,156,0.374305016,0.900895726
1996,1840,156,3.2639453659999997,9.637565036
3734,72,3662,3.5105744059999995,9.80219442
5268,5112,156,8.028198474000002,23.724535447999997
5502,1840,3662,20.701364984,63.805291376
8774,5112,3662,41.664969594999995,132.63861062
10272,72,10200,8.479541966000001,23.955878235999997
12040,1840,10200,42.93993700285714,138.64100912666666
15312,5112,10200,88.57435895,257.89912599999997
