N_total,N1,N2,one_tree_time_ms,two_trees_time_ms
6770,3132,3638,1.6803217019999999,1.05843809
20300,16662,3638,2.7553596519999997,2.7719490340000004
23017,3132,19885,4.663763348,4.82090605
36547,16662,19885,9.663858654000002,4.939653462
118212,114574,3638,15.783458914,15.95232479
134459,114574,19885,19.432634611999994,17.326760242000002
139591,3132,136459,30.096664666,34.95397032888889
153121,16662,136459,40.4173228275,33.88131068444445
251033,114574,136459,100.64692837333332,39.1526629375
